,date,symbol,region,open,high,low,close,volume,updatedt,close_start_1,trendline_lambda_1,trendchanges_lambda_1,agg_orig_index_lambda_1,agg_trendlinevalue_lambda_1,agg_diffdate_lambda_1,agg_slope_until_lambda_1,agg_slopechange_lambda_1,agg_buy_lambda_1,agg_sell_lambda_1
0,2023-04-03 13:30:00,ACWI,US,91.12999725341797,91.7300033569336,91.05000305175781,91.69000244140625,7711200.0,2024-03-28 10:56:34.432488,1.0,0.9940010281881168,False,,0.9940010281881168,,,,False,False
1,2023-04-04 13:30:00,ACWI,US,91.75,91.88999938964844,91.02999877929688,91.37000274658203,2146600.0,2024-04-04 12:13:56.914326,0.9965099826992728,0.9944877819239758,False,,,,,,,
2,2023-04-05 13:30:00,ACWI,US,91.12000274658203,91.20999908447266,90.56999969482422,90.9000015258789,1678700.0,2024-04-04 12:13:56.914326,0.991384001586954,0.994974535661605,False,,,,,,,
3,2023-04-06 13:30:00,ACWI,US,90.72000122070312,91.36000061035156,90.5199966430664,91.26000213623047,1758100.0,2024-04-04 12:13:56.914326,0.9953102814513439,0.9954612894032425,False,,,,,,,
4,2023-04-10 13:30:00,ACWI,US,90.73999786376953,91.31999969482422,90.56999969482422,91.31999969482422,1310600.0,2024-04-04 12:13:56.914326,0.9959646336925503,0.995948043150079,False,,,,,,,
5,2023-04-11 13:30:00,ACWI,US,91.48999786376953,91.75,91.3499984741211,91.5,2008000.0,2024-04-11 10:42:18.810550,0.9979277736247453,0.9964347969031317,False,,,,,,,
6,2023-04-12 13:30:00,ACWI,US,92.05000305175781,92.13999938964844,91.25,91.3499984741211,2390200.0,2024-04-11 10:42:18.810550,0.9962918098131535,0.9969215506633288,False,,,,,,,
7,2023-04-13 13:30:00,ACWI,US,91.77999877929688,92.6500015258789,91.77999877929688,92.56999969482422,2465600.0,2024-04-11 10:42:18.810550,1.0095975267748556,0.9974083044316732,False,,,,,,,
8,2023-04-14 13:30:00,ACWI,US,92.41999816894531,92.8499984741211,91.83000183105469,92.30000305175781,1095600.0,2024-04-11 10:42:18.810550,1.006652858480851,0.997895058208848,False,,,,,,,
9,2023-04-17 13:30:00,ACWI,US,92.22000122070312,92.47000122070312,91.91999816894531,92.47000122070312,3195200.0,2024-04-11 10:42:18.810550,1.0085069119699863,0.998381811998626,False,,,,,,,
10,2023-04-18 13:30:00,ACWI,US,92.87999725341797,92.91999816894531,92.36000061035156,92.63999938964844,1634700.0,2024-04-11 10:42:18.810550,1.0103609654591217,0.9988685658072719,False,,,,,,,
11,2023-04-19 13:30:00,ACWI,US,92.13999938964844,92.61000061035156,92.0999984741211,92.44999694824219,4394400.0,2024-04-19 14:06:49.726623,1.0082887390838668,0.999355319643938,False,,,,,,,
12,2023-04-20 13:30:00,ACWI,US,91.94000244140625,92.45999908447266,91.80999755859375,92.11000061035156,1860500.0,2024-04-19 14:06:49.726623,1.0045806321055963,0.9998420735212087,False,,,,,,,
13,2023-04-21 13:30:00,ACWI,US,92.05000305175781,92.26000213623047,91.68000030517578,92.16999816894531,3061900.0,2024-04-19 14:06:49.726623,1.0052349843468027,1.0003288274546733,False,,,,,,,
14,2023-04-24 13:30:00,ACWI,US,92.0999984741211,92.30999755859375,91.86000061035156,92.20999908447266,2106400.0,2024-04-19 14:06:49.726623,1.0056712469104656,1.0008155814623878,False,,,,,,,
15,2023-04-25 13:30:00,ACWI,US,91.66000366210938,91.7300033569336,90.70999908447266,90.7300033569336,3988400.0,2024-04-25 09:24:46.597253,0.9895299480978187,1.0013023355663209,False,,,,,,,
16,2023-04-26 13:30:00,ACWI,US,91.12000274658203,91.19000244140625,90.4000015258789,90.5,8732000.0,2024-04-25 09:24:46.597253,0.987021459158901,1.0017890897940287,False,,,,,,,
17,2023-04-27 13:30:00,ACWI,US,91.08999633789062,92.0999984741211,90.98999786376953,92.05000305175781,5115500.0,2024-04-25 09:24:46.597253,1.00392627986439,1.0022758441723927,False,,,,,,,
18,2023-04-28 13:30:00,ACWI,US,91.73999786376953,92.58999633789062,91.69999694824219,92.58999633789062,1619600.0,2024-04-25 09:24:46.597253,1.009815616452399,1.0027625987243964,False,,,,,,,
19,2023-05-01 13:30:00,ACWI,US,92.55999755859375,92.8499984741211,92.43000030517578,92.47000122070312,923000.0,2024-04-25 09:24:46.597253,1.0085069119699863,1.0032493534781832,False,,,,,,,
20,2023-05-02 13:30:00,ACWI,US,92.12999725341797,92.12999725341797,90.83999633789062,91.43000030517578,1313600.0,2024-04-25 09:24:46.597253,0.9971643349404792,1.0037361084746994,False,,,,,,,
21,2023-05-03 13:30:00,ACWI,US,91.55999755859375,92.13999938964844,91.05999755859375,91.0999984741211,3964000.0,2024-04-25 09:24:46.597253,0.9935652311966924,1.004222863773762,False,,,,,,,
22,2023-05-04 13:30:00,ACWI,US,91.0199966430664,91.11000061035156,90.5,90.7699966430664,2789300.0,2024-04-25 09:24:46.597253,0.9899661274529056,1.004709619448772,False,,,,,,,
23,2023-05-05 13:30:00,ACWI,US,91.45999908447266,92.5,91.43000030517578,92.30999755859375,3620000.0,2024-04-25 09:24:46.597253,1.0067618617153349,1.0051963755802635,False,,,,,,,
24,2023-05-08 13:30:00,ACWI,US,92.48999786376953,92.48999786376953,92.08999633789062,92.3499984741211,1866500.0,2024-04-25 09:24:46.597253,1.0071981242789976,1.0056831322369744,False,,,,,,,
25,2023-05-09 13:30:00,ACWI,US,91.80999755859375,92.1500015258789,91.75,91.95999908447266,1514800.0,2024-04-25 09:24:46.597253,1.0029446682940044,1.0061698895154014,False,,,,,,,
26,2023-05-10 13:30:00,ACWI,US,92.36000061035156,92.47000122070312,91.44000244140625,92.19000244140625,6397000.0,2024-04-25 09:24:46.597253,1.0054531572329222,1.0066566475589822,False,,,,,,,
27,2023-05-11 13:30:00,ACWI,US,91.83999633789062,91.98999786376953,91.43000030517578,91.95999908447266,3497500.0,2024-04-25 09:24:46.597253,1.0029446682940044,1.0071434065572569,False,,,,,,,
28,2023-05-12 13:30:00,ACWI,US,92.08000183105469,92.12000274658203,91.26000213623047,91.69999694824219,1265300.0,2024-04-25 09:24:46.597253,1.0001090032344837,1.0076301667957395,False,,,,,,,
29,2023-05-15 13:30:00,ACWI,US,91.94000244140625,92.37999725341797,91.69999694824219,92.33000183105469,2903900.0,2024-04-25 09:24:46.597253,1.0069800346014541,1.0081169286776703,False,,,,,,,
30,2023-05-16 13:30:00,ACWI,US,91.97000122070312,92.13999938964844,91.58000183105469,91.58999633789062,3550100.0,2024-04-25 09:24:46.597253,0.9989093019865548,1.0086036926274455,False,,,,,,,
31,2023-05-17 13:30:00,ACWI,US,91.88999938964844,92.55000305175781,91.55000305175781,92.44999694824219,2749100.0,2024-04-25 09:24:46.597253,1.0082887390838668,1.009090459280816,False,,,,,,,
32,2023-05-18 13:30:00,ACWI,US,92.33999633789062,92.98999786376953,92.18000030517578,92.91000366210938,4237500.0,2024-04-25 09:24:46.597253,1.0133057169617021,1.0095772287803895,False,,,,,,,
33,2023-05-19 13:30:00,ACWI,US,93.13999938964844,93.29000091552734,92.73999786376953,92.97000122070312,1884100.0,2024-04-25 09:24:46.597253,1.0139600692029085,1.0100640012062687,False,,,,,,,
34,2023-05-22 13:30:00,ACWI,US,93.0999984741211,93.37999725341797,92.87999725341797,93.11000061035156,1831400.0,2024-04-25 09:24:46.597253,1.0154869465714405,1.010550777012359,False,,,,,,,
35,2023-05-23 13:30:00,ACWI,US,92.62999725341797,92.75,91.91000366210938,91.94000244140625,3814000.0,2024-04-25 09:24:46.597253,1.002726578616461,1.0110375575746193,True,35.0,1.0110375575746193,-62 days +00:00:00,0.017036529386502575,0.03598201725435268,False,False
36,2023-05-24 13:30:00,ACWI,US,91.41999816894531,91.41999816894531,90.91000366210938,91.08999633789062,1917200.0,2024-04-25 09:24:46.597253,0.9934561447536328,1.0115243537680774,False,,,,,,,
37,2023-05-25 13:30:00,ACWI,US,91.58999633789062,91.72000122070312,91.06999969482422,91.45999908447266,1838200.0,2024-04-25 09:24:46.597253,0.9974915110610824,1.012775097346891,False,,,,,,,
38,2023-05-26 13:30:00,ACWI,US,91.73999786376953,92.79000091552734,91.73999786376953,92.66000366210938,2216500.0,2024-04-25 09:24:46.597253,1.010579138345241,1.0140258478389201,False,,,,,,,
39,2023-05-30 13:30:00,ACWI,US,92.87000274658203,92.91999816894531,92.0,92.27999877929688,4063500.0,2024-04-25 09:24:46.597253,1.0064346855947317,1.0152766006577791,False,,,,,,,
40,2023-05-31 13:30:00,ACWI,US,91.68000030517578,91.87999725341797,91.16999816894531,91.62000274658203,2274600.0,2024-04-25 09:24:46.597253,0.9992365613157339,1.0165273548498035,False,,,,,,,
41,2023-06-01 13:30:00,ACWI,US,91.7699966430664,92.91000366210938,91.63999938964844,92.70999908447266,5391900.0,2024-04-25 09:24:46.597253,1.0111244041433876,1.0177781099413978,False,,,,,,,
42,2023-06-02 13:30:00,ACWI,US,93.63999938964844,94.26000213623047,93.48999786376953,94.08999633789062,5408800.0,2024-04-25 09:24:46.597253,1.0261750881511653,1.0190288656269297,False,,,,,,,
43,2023-06-05 13:30:00,ACWI,US,94.12000274658203,94.27999877929688,93.70999908447266,93.83999633789062,4295300.0,2024-04-25 09:24:46.597253,1.0234485095347043,1.0202796217329257,False,,,,,,,
44,2023-06-06 13:30:00,ACWI,US,93.81999969482422,94.37000274658203,93.72000122070312,94.29000091552734,5434000.0,2024-04-25 09:24:46.597253,1.0283564009694797,1.0215303781658487,False,,,,,,,
45,2023-06-07 13:30:00,ACWI,US,93.33999633789062,93.58000183105469,92.76000213623047,92.83999633789062,8882900.0,2024-04-25 09:24:46.597253,1.01254219506886,1.0227811348645655,False,,,,,,,
46,2023-06-08 13:30:00,ACWI,US,92.94999694824219,93.61000061035156,92.83999633789062,93.51000213623047,3750500.0,2024-04-25 09:24:46.597253,1.0198494889994933,1.0240318917883842,False,,,,,,,
47,2023-06-09 13:30:00,ACWI,US,93.69000244140625,94.02999877929688,93.44999694824219,93.63999938964844,3250700.0,2024-04-25 09:24:46.597253,1.0212672799249658,1.0252826488973605,False,,,,,,,
48,2023-06-12 13:30:00,ACWI,US,93.87999725341797,94.33000183105469,93.70999908447266,94.31999969482422,3086600.0,2024-04-25 09:24:46.597253,1.0286835770900828,1.0265334061567621,False,,,,,,,
49,2023-06-13 13:30:00,ACWI,US,94.9000015258789,95.20999908447266,94.72000122070312,95.05000305175781,4370100.0,2024-04-25 09:24:46.597253,1.0366452232619225,1.0277841635363134,False,,,,,,,
50,2023-06-14 13:30:00,ACWI,US,95.29000091552734,95.66000366210938,94.56999969482422,95.27999877929688,1349400.0,2024-04-25 09:24:46.597253,1.0391536289922643,1.0290349210113792,False,,,,,,,
51,2023-06-15 13:30:00,ACWI,US,95.23999786376953,96.55999755859375,95.16000366210938,96.36000061035156,2295700.0,2024-04-25 09:24:46.597253,1.0509324685854342,1.0302856785633394,False,,,,,,,
52,2023-06-16 13:30:00,ACWI,US,96.80999755859375,96.80999755859375,96.0,96.08000183105469,2292300.0,2024-04-25 09:24:46.597253,1.04787871384837,1.0315364361785497,False,,,,,,,
53,2023-06-20 13:30:00,ACWI,US,95.37999725341797,95.5,94.8499984741211,95.19999694824219,4809700.0,2024-04-25 09:24:46.597253,1.0382811038649384,1.0327871938507638,False,,,,,,,
54,2023-06-21 13:30:00,ACWI,US,94.93000030517578,95.23999786376953,94.69000244140625,94.87000274658203,2768500.0,2024-04-25 09:24:46.597253,1.0346820833297277,1.0340379515791944,False,,,,,,,
55,2023-06-22 13:30:00,ACWI,US,94.5199966430664,94.9000015258789,94.4000015258789,94.88999938964844,1609700.0,2024-04-25 09:24:46.597253,1.034900173007271,1.0352887093648817,False,,,,,,,
56,2023-06-23 13:30:00,ACWI,US,93.80000305175781,94.20999908447266,93.76000213623047,93.91000366210938,1995200.0,2024-04-25 09:24:46.597253,1.0242120314275462,1.0365394672092099,False,,,,,,,
57,2023-06-26 13:30:00,ACWI,US,93.94999694824219,94.26000213623047,93.7300033569336,93.75,1824500.0,2024-04-25 09:24:46.597253,1.0224669811728948,1.0377902251134141,False,,,,,,,
58,2023-06-27 13:30:00,ACWI,US,94.06999969482422,94.81999969482422,93.87999725341797,94.73999786376953,2984900.0,2024-04-25 09:24:46.597253,1.0332642091956792,1.0390409830746947,False,,,,,,,
59,2023-06-28 13:30:00,ACWI,US,94.5,94.91999816894531,94.36000061035156,94.7300033569336,1317500.0,2024-04-25 09:24:46.597253,1.0331552059611955,1.0402917410854675,False,,,,,,,
60,2023-06-29 13:30:00,ACWI,US,94.5199966430664,94.88999938964844,94.43000030517578,94.88999938964844,1937300.0,2024-04-25 09:24:46.597253,1.034900173007271,1.041542499136728,False,,,,,,,
61,2023-06-29 20:00:05,ACWI,US,94.5199966430664,94.88999938964844,94.43000030517578,94.88999938964844,1829329.0,2023-06-29 23:46:00.911335,1.034900173007271,1.0427932572181327,False,,,,,,,
62,2023-06-30 13:30:00,ACWI,US,95.66000366210938,96.08999633789062,95.58999633789062,95.94000244140625,2247800.0,2024-04-25 09:24:46.597253,1.0463518364798379,1.044044015317995,False,,,,,,,
63,2023-07-03 13:30:00,ACWI,US,96.0199966430664,96.22000122070312,95.97000122070312,96.16999816894531,1508900.0,2024-04-25 09:24:46.597253,1.0488602422101796,1.0452947734229252,False,,,,,,,
64,2023-07-05 13:30:00,ACWI,US,95.68000030517578,95.8499984741211,95.52999877929688,95.69999694824219,3163500.0,2024-04-25 09:24:46.597253,1.0437342610978606,1.04654553152038,False,,,,,,,
65,2023-07-06 13:30:00,ACWI,US,94.62000274658203,94.66000366210938,93.9800033569336,94.5199966430664,2127100.0,2024-04-25 09:24:46.597253,1.0308648066998214,1.0477962895989217,False,,,,,,,
66,2023-07-07 13:30:00,ACWI,US,94.4800033569336,95.41999816894531,94.44000244140625,94.70999908447266,949000.0,2024-04-25 09:24:46.597253,1.032937033075076,1.0490470476461287,False,,,,,,,
67,2023-07-10 13:30:00,ACWI,US,94.56999969482422,94.97000122070312,94.56999969482422,94.94999694824219,1066400.0,2024-04-25 09:24:46.597253,1.0355545252484775,1.0502978056440766,False,,,,,,,
68,2023-07-11 13:30:00,ACWI,US,95.26000213623047,95.7699966430664,95.0199966430664,95.69999694824219,725200.0,2024-04-25 09:24:46.597253,1.0437342610978606,1.0515485635677795,False,,,,,,,
69,2023-07-12 13:30:00,ACWI,US,96.7699966430664,97.04000091552734,96.62000274658203,96.8499984741211,3326100.0,2024-04-25 09:24:46.597253,1.0562765393752966,1.0527993213821285,False,,,,,,,
70,2023-07-13 13:30:00,ACWI,US,97.54000091552734,98.08999633789062,97.4800033569336,97.94999694824219,1997500.0,2024-04-25 09:24:46.597253,1.06827346864601,1.0540500790376794,False,,,,,,,
71,2023-07-14 13:30:00,ACWI,US,98.04000091552734,98.0999984741211,97.56999969482422,97.68000030517578,2875800.0,2024-04-25 09:24:46.597253,1.0653288003520056,1.0553008364656944,False,,,,,,,
72,2023-07-17 13:30:00,ACWI,US,97.54000091552734,98.0999984741211,97.45999908447266,97.93000030517578,4090700.0,2024-04-25 09:24:46.597253,1.0680553789684666,1.0565515935731615,False,,,,,,,
73,2023-07-18 13:30:00,ACWI,US,97.8499984741211,98.56999969482422,97.75,98.4800033569336,3427400.0,2024-04-25 09:24:46.597253,1.0740538852081112,1.0578023502183513,False,,,,,,,
74,2023-07-19 13:30:00,ACWI,US,98.5999984741211,98.8499984741211,98.44000244140625,98.5999984741211,6198500.0,2024-04-25 09:24:46.597253,1.075362589690524,1.0590531061661508,False,,,,,,,
75,2023-07-20 13:30:00,ACWI,US,98.38999938964844,98.52999877929688,97.79000091552734,97.94000244140625,6185600.0,2024-04-25 09:24:46.597253,1.0681644654115263,1.0603038610237547,False,,,,,,,
76,2023-07-21 13:30:00,ACWI,US,98.26000213623047,98.31999969482422,97.94000244140625,97.98999786376953,2109400.0,2024-04-25 09:24:46.597253,1.068709731209673,1.0615546141404748,False,,,,,,,
77,2023-07-24 13:30:00,ACWI,US,98.0999984741211,98.5,97.95999908447266,98.33999633789062,3472400.0,2024-04-25 09:24:46.597253,1.0725269246310032,1.062805364015945,True,,,,,,,
78,2023-07-25 13:30:00,ACWI,US,98.38999938964844,98.87000274658203,98.37999725341797,98.66000366210938,4697300.0,2024-04-25 09:24:46.597253,1.0760170251403063,1.0640561042154746,True,78.0,1.0640561042154746,-91 days +00:00:00,0.05301854664085526,-0.11761873057205952,False,True
79,2023-07-26 13:30:00,ACWI,US,98.30000305175781,99.05999755859375,98.30000305175781,98.79000091552734,3511300.0,2024-04-25 09:24:46.597253,1.0774348160657787,1.0643069475700149,False,,,,,,,
80,2023-07-27 13:30:00,ACWI,US,99.52999877929688,99.52999877929688,97.98999786376953,98.16999816894531,3035900.0,2024-04-25 09:24:46.597253,1.070672871141868,1.0633243733725166,False,,,,,,,
81,2023-07-28 13:30:00,ACWI,US,98.98999786376953,99.4000015258789,98.86000061035156,99.19999694824219,4202600.0,2024-04-25 09:24:46.597253,1.0819063617283153,1.0623417906710078,False,,,,,,,
82,2023-07-31 13:30:00,ACWI,US,99.30000305175781,99.51000213623047,99.1500015258789,99.38999938964844,2951900.0,2024-04-25 09:24:46.597253,1.08397858810357,1.0613592047081002,False,,,,,,,
83,2023-08-01 13:30:00,ACWI,US,98.83000183105469,99.01000213623047,98.52999877929688,98.69999694824219,3209200.0,2024-04-25 09:24:46.597253,1.0764532044953932,1.0603766172791305,False,,,,,,,
84,2023-08-02 13:30:00,ACWI,US,97.76000213623047,97.83000183105469,96.91999816894531,97.06999969482422,5789100.0,2024-04-25 09:24:46.597253,1.0586759418711544,1.0593940290781503,False,,,,,,,
85,2023-08-03 13:30:00,ACWI,US,96.55000305175781,97.19000244140625,96.4800033569336,96.83999633789062,5379100.0,2024-04-25 09:24:46.597253,1.056167452932237,1.058411440408091,False,,,,,,,
86,2023-08-04 13:30:00,ACWI,US,97.20999908447266,97.79000091552734,96.52999877929688,96.63999938964844,2931100.0,2024-04-25 09:24:46.597253,1.0539862233224984,1.0574288514118233,False,,,,,,,
87,2023-08-07 13:30:00,ACWI,US,97.08000183105469,97.33000183105469,96.73999786376953,97.29000091552734,1602700.0,2024-04-25 09:24:46.597253,1.0610753443670125,1.0564462621720676,False,,,,,,,
88,2023-08-08 13:30:00,ACWI,US,96.45999908447266,96.83000183105469,95.9800033569336,96.7300033569336,2672500.0,2024-04-25 09:24:46.597253,1.054967834892884,1.0554636727430189,False,,,,,,,
89,2023-08-09 13:30:00,ACWI,US,96.88999938964844,96.9000015258789,96.13999938964844,96.31999969482422,1622300.0,2024-04-25 09:24:46.597253,1.0504962060217713,1.0544810831676203,False,,,,,,,
90,2023-08-10 13:30:00,ACWI,US,97.01000213623047,97.69999694824219,96.2699966430664,96.47000122070312,3729100.0,2024-04-25 09:24:46.597253,1.0521321698333632,1.0534984934792164,False,,,,,,,
91,2023-08-10 15:57:13,ACWI,US,97.01000213623047,97.69999694824219,96.78500366210938,96.8499984741211,863290.0,2023-08-10 17:57:27.170722,1.0562765393752966,1.0525159037036897,False,,,,,,,
92,2023-08-11 13:30:00,ACWI,US,95.91999816894531,96.38999938964844,95.80000305175781,96.11000061035156,912800.0,2024-04-25 09:24:46.597253,1.0482058899689732,1.0515333138630416,False,,,,,,,
93,2023-08-14 13:30:00,ACWI,US,95.62999725341797,96.30000305175781,95.5,96.30000305175781,3811000.0,2024-04-25 09:24:46.597253,1.0502781163442279,1.0505507239782266,False,,,,,,,
94,2023-08-15 13:30:00,ACWI,US,95.86000061035156,95.87999725341797,94.9800033569336,95.12000274658203,4823700.0,2024-04-25 09:24:46.597253,1.0374086619461886,1.049568134067972,False,,,,,,,
95,2023-08-16 13:30:00,ACWI,US,94.88999938964844,95.2699966430664,94.37000274658203,94.38999938964844,1946600.0,2024-04-25 09:24:46.597253,1.029447015774349,1.048585544150073,False,,,,,,,
96,2023-08-17 13:30:00,ACWI,US,94.75,94.83000183105469,93.66000366210938,93.7699966430664,2662700.0,2024-04-25 09:24:46.597253,1.0226850708504382,1.0476029542388845,False,,,,,,,
97,2023-08-18 13:30:00,ACWI,US,93.05000305175781,93.94000244140625,93.0199966430664,93.7300033569336,2441400.0,2024-04-25 09:24:46.597253,1.0222488914953514,1.04662036434388,False,,,,,,,
98,2023-08-18 13:44:20,ACWI,US,94.75,93.30999755859375,93.04000091552734,93.23999786376953,300554.0,2023-08-18 15:44:57.064314,1.016904737496913,1.0456377744685506,False,,,,,,,
99,2023-08-21 13:30:00,ACWI,US,93.98999786376953,94.37000274658203,93.51000213623047,94.22000122070312,1641600.0,2024-04-25 09:24:46.597253,1.0275929622852136,1.0446551846106154,False,,,,,,,
100,2023-08-22 13:30:00,ACWI,US,94.66000366210938,94.66000366210938,93.91000366210938,94.01000213623047,1550800.0,2024-04-25 09:24:46.597253,1.0253026462324155,1.043672594760969,False,,,,,,,
101,2023-08-23 13:30:00,ACWI,US,94.3499984741211,95.26000213623047,94.30999755859375,95.12000274658203,3203100.0,2024-04-25 09:24:46.597253,1.0374086619461886,1.042690004906385,False,,,,,,,
102,2023-08-24 13:30:00,ACWI,US,95.22000122070312,95.37999725341797,93.88999938964844,93.91000366210938,1937400.0,2024-04-25 09:24:46.597253,1.0242120314275462,1.041707415029165,False,,,,,,,
103,2023-08-25 13:30:00,ACWI,US,94.26000213623047,94.7699966430664,93.48999786376953,94.4800033569336,2030800.0,2024-04-25 09:24:46.597253,1.0304286273447345,1.0407248251095043,False,,,,,,,
104,2023-08-28 13:30:00,ACWI,US,95.0199966430664,95.33999633789062,94.88999938964844,95.20999908447266,2006900.0,2024-04-25 09:24:46.597253,1.0383901903079982,1.0397422351205163,False,,,,,,,
105,2023-08-29 13:30:00,ACWI,US,95.11000061035156,96.61000061035156,95.0999984741211,96.55999755859375,2711500.0,2024-04-25 09:24:46.597253,1.0531136981951728,1.0387596450265772,False,,,,,,,
106,2023-08-30 13:30:00,ACWI,US,96.62999725341797,96.97000122070312,96.43000030517578,96.80000305175781,1707600.0,2024-04-25 09:24:46.597253,1.05573127357715,1.037777054781424,False,,,,,,,
107,2023-08-31 13:30:00,ACWI,US,96.80000305175781,96.98999786376953,96.44000244140625,96.5,3860900.0,2024-04-25 09:24:46.597253,1.0524593459539664,1.0367944643302753,False,,,,,,,
108,2023-09-01 13:30:00,ACWI,US,97.23999786376953,97.38999938964844,96.5,96.7699966430664,2337800.0,2024-04-25 09:24:46.597253,1.0554040142479708,1.03581187361054,False,,,,,,,
109,2023-09-05 13:30:00,ACWI,US,96.58999633789062,96.62999725341797,96.20999908447266,96.20999908447266,2095100.0,2024-04-25 09:24:46.597253,1.0492965047738425,1.0348292825513645,False,,,,,,,
110,2023-09-06 13:30:00,ACWI,US,96.06999969482422,96.1500015258789,95.23999786376953,95.6500015258789,1371400.0,2024-04-25 09:24:46.597253,1.043188995299714,1.0338466910871462,False,,,,,,,
111,2023-09-07 13:30:00,ACWI,US,95.06999969482422,95.41000366210938,94.9000015258789,95.29000091552734,1748700.0,2024-04-25 09:24:46.597253,1.039262715435324,1.0328640991642053,False,,,,,,,
112,2023-09-08 13:30:00,ACWI,US,95.31999969482422,95.6500015258789,95.19000244140625,95.33000183105469,1110400.0,2024-04-25 09:24:46.597253,1.039698977998987,1.0318815067411136,False,,,,,,,
113,2023-09-11 13:30:00,ACWI,US,96.08000183105469,96.16999816894531,95.77999877929688,96.1500015258789,1015800.0,2024-04-25 09:24:46.597253,1.0486421525326362,1.0308989137877287,False,,,,,,,
114,2023-09-12 13:30:00,ACWI,US,95.7699966430664,96.16999816894531,95.6500015258789,95.69000244140625,1073700.0,2024-04-25 09:24:46.597253,1.043625257863377,1.029916320294655,False,,,,,,,
115,2023-09-13 13:30:00,ACWI,US,95.69999694824219,95.95999908447266,95.47000122070312,95.72000122070312,2860200.0,2024-04-25 09:24:46.597253,1.04395243398398,1.0289337263036764,False,,,,,,,
116,2023-09-14 13:30:00,ACWI,US,96.3499984741211,96.7300033569336,96.08000183105469,96.5999984741211,1336300.0,2024-04-25 09:24:46.597253,1.0535499607588357,1.0279511318813155,False,,,,,,,
117,2023-09-15 13:30:00,ACWI,US,96.47000122070312,96.51000213623047,95.72000122070312,95.81999969482422,4235400.0,2024-04-25 09:24:46.597253,1.0450430487888491,1.0269685371047172,False,,,,,,,
118,2023-09-18 13:30:00,ACWI,US,95.5999984741211,95.91999816894531,95.4800033569336,95.72000122070312,616000.0,2024-04-25 09:24:46.597253,1.04395243398398,1.025985942059501,False,,,,,,,
119,2023-09-19 13:30:00,ACWI,US,95.56999969482422,95.72000122070312,95.05999755859375,95.51000213623047,1716600.0,2024-04-25 09:24:46.597253,1.0416621179311818,1.0250033468176187,False,,,,,,,
120,2023-09-20 13:30:00,ACWI,US,95.81999969482422,96.0199966430664,94.8499984741211,94.88999938964844,1121300.0,2024-04-25 09:24:46.597253,1.034900173007271,1.0240207514378714,False,,,,,,,
121,2023-09-21 13:30:00,ACWI,US,94.05999755859375,94.1500015258789,93.25,93.31999969482422,2613600.0,2024-04-25 09:24:46.597253,1.0177772626242387,1.0230381559688106,False,,,,,,,
122,2023-09-22 13:30:00,ACWI,US,93.70999908447266,93.97000122070312,93.20999908447266,93.26000213623047,1521300.0,2024-04-25 09:24:46.597253,1.0171229103830324,1.0220555604508543,False,,,,,,,
123,2023-09-25 13:30:00,ACWI,US,92.80999755859375,93.38999938964844,92.75,93.37999725341797,1647100.0,2024-04-25 09:24:46.597253,1.018431614865445,1.0210729649165502,False,,,,,,,
124,2023-09-26 13:30:00,ACWI,US,92.69999694824219,92.87999725341797,91.9000015258789,92.0199966430664,4868200.0,2024-04-25 09:24:46.597253,1.0035990205352108,1.020090369395091,False,,,,,,,
125,2023-09-27 13:30:00,ACWI,US,92.37999725341797,92.45999908447266,91.31999969482422,92.05999755859375,2563100.0,2024-04-25 09:24:46.597253,1.0040352830988737,1.0191077739158318,False,,,,,,,
126,2023-09-28 13:30:00,ACWI,US,91.98999786376953,92.94000244140625,91.81999969482422,92.62999725341797,2619000.0,2024-04-25 09:24:46.597253,1.010251879016062,1.0181251785065775,False,,,,,,,
127,2023-09-29 13:30:00,ACWI,US,93.44999694824219,93.44999694824219,92.16000366210938,92.37000274658203,2476000.0,2024-04-25 09:24:46.597253,1.007416297165117,1.0171425831948628,False,,,,,,,
128,2023-10-02 13:30:00,ACWI,US,92.1500015258789,92.29000091552734,91.48999786376953,91.95999908447266,1748700.0,2024-04-25 09:24:46.597253,1.0029446682940044,1.016159988011469,False,,,,,,,
129,2023-10-03 13:30:00,ACWI,US,91.36000061035156,91.63999938964844,90.44000244140625,90.7300033569336,1968800.0,2024-04-25 09:24:46.597253,0.9895299480978187,1.0151773929907273,False,,,,,,,
130,2023-10-04 13:30:00,ACWI,US,90.80000305175781,91.26000213623047,90.3499984741211,91.12000274658203,1850900.0,2024-04-25 09:24:46.597253,0.9937834040828118,1.014194798167857,False,,,,,,,
131,2023-10-05 13:30:00,ACWI,US,91.25,91.5,90.69000244140625,91.3499984741211,8876300.0,2024-04-25 09:24:46.597253,0.9962918098131535,1.0132122035661009,False,,,,,,,
132,2023-10-06 13:30:00,ACWI,US,90.98999786376953,92.76000213623047,90.63999938964844,92.4800033569336,5040300.0,2024-04-25 09:24:46.597253,1.008615998413046,1.0122296091941436,False,,,,,,,
133,2023-10-09 13:30:00,ACWI,US,91.8499984741211,92.91999816894531,91.77999877929688,92.80999755859375,3179700.0,2024-04-25 09:24:46.597253,1.0122150189482568,1.0112470150470743,False,,,,,,,
134,2023-10-10 13:30:00,ACWI,US,93.23999786376953,94.05999755859375,93.12999725341797,93.58999633789062,4807300.0,2024-04-25 09:24:46.597253,1.0207219309182431,1.0102644211175285,False,,,,,,,
135,2023-10-11 13:30:00,ACWI,US,93.98999786376953,94.11000061035156,93.41000366210938,94.0199966430664,1612800.0,2024-04-25 09:24:46.597253,1.0254116494668992,1.0092818273998085,False,,,,,,,
136,2023-10-12 13:30:00,ACWI,US,94.12000274658203,94.12000274658203,92.83999633789062,93.30000305175781,2831800.0,2024-04-25 09:24:46.597253,1.0175591729466953,1.0082992338970878,False,,,,,,,
137,2023-10-13 13:30:00,ACWI,US,93.45999908447266,93.69000244140625,92.41999816894531,92.7699966430664,5099400.0,2024-04-25 09:24:46.597253,1.011778756384594,1.0073166406259961,False,,,,,,,
138,2023-10-16 13:30:00,ACWI,US,93.08999633789062,93.77999877929688,93.02999877929688,93.62000274658203,4269600.0,2024-04-25 09:24:46.597253,1.0210491902474224,1.00633404761239,False,,,,,,,
139,2023-10-17 13:30:00,ACWI,US,92.9000015258789,94.08999633789062,92.87999725341797,93.66000366210938,5424200.0,2024-04-25 09:24:46.597253,1.0214854528110853,1.0053514548895994,False,,,,,,,
140,2023-10-18 13:30:00,ACWI,US,93.1500015258789,93.26000213623047,92.0999984741211,92.31999969482422,5959300.0,2024-04-25 09:24:46.597253,1.0068709481583944,1.004368862519203,False,,,,,,,
141,2023-10-19 13:30:00,ACWI,US,92.25,92.69000244140625,91.33999633789062,91.48999786376953,2798500.0,2024-04-25 09:24:46.597253,0.9978186871816855,1.0033862706259784,False,,,,,,,
142,2023-10-20 13:30:00,ACWI,US,91.27999877929688,91.38999938964844,90.38999938964844,90.4000015258789,3277000.0,2024-04-25 09:24:46.597253,0.9859308443540319,1.0024036794472784,False,,,,,,,
143,2023-10-23 13:30:00,ACWI,US,89.98999786376953,91.02999877929688,89.66999816894531,90.33000183105469,3015100.0,2024-04-25 09:24:46.597253,0.9851674056697658,1.0014210894908981,False,,,,,,,
144,2023-10-24 13:30:00,ACWI,US,90.70999908447266,91.19999694824219,90.44999694824219,90.98999786376953,1578300.0,2024-04-25 09:24:46.597253,0.9923655299487635,1.0004385019300985,True,,,,,,,
145,2023-10-25 13:30:00,ACWI,US,90.61000061035156,90.61000061035156,89.72000122070312,89.83000183105469,2571200.0,2024-04-25 09:24:46.597253,0.9797142484368436,0.9994559202842703,True,145.0,0.9994559202842703,-35 days +23:00:00,-0.06460018393120426,0.12807635184151644,True,False
146,2023-10-26 13:30:00,ACWI,US,89.5199966430664,89.72000122070312,88.69000244140625,88.91000366210938,2376400.0,2024-04-25 09:24:46.597253,0.9696804590983252,0.9985005176254304,False,,,,,,,
147,2023-10-27 13:30:00,ACWI,US,89.41999816894531,89.47000122070312,88.33999633789062,88.58999633789062,2660100.0,2024-04-25 09:24:46.597253,0.9661903585890221,1.0013018880095912,False,,,,,,,
148,2023-10-30 13:30:00,ACWI,US,89.3499984741211,89.80999755859375,89.04000091552734,89.62000274658203,2524900.0,2024-04-25 09:24:46.597253,0.9774239323840455,1.004103262039963,False,,,,,,,
149,2023-10-31 13:30:00,ACWI,US,89.7699966430664,90.05999755859375,89.30000305175781,90.0199966430664,3220000.0,2024-04-25 09:24:46.597253,0.9817863916035224,1.006904637201102,False,,,,,,,
150,2023-11-01 13:30:00,ACWI,US,90.2300033569336,91.05000305175781,90.08999633789062,90.91999816894531,6827900.0,2024-04-25 09:24:46.597253,0.9916020912644974,1.009706012925483,False,,,,,,,
151,2023-11-02 13:30:00,ACWI,US,92.06999969482422,92.7699966430664,91.9800033569336,92.72000122070312,2577500.0,2024-04-25 09:24:46.597253,1.0112334905864473,1.0125073889768628,False,,,,,,,
152,2023-11-03 13:30:00,ACWI,US,93.4000015258789,94.06999969482422,93.4000015258789,93.79000091552734,3144100.0,2024-04-25 09:24:46.597253,1.0229032437365577,1.0153087652307058,False,,,,,,,
153,2023-11-06 14:30:00,ACWI,US,93.98999786376953,94.06999969482422,93.51000213623047,93.87000274658203,2623400.0,2024-04-25 09:24:46.597253,1.0237757688638833,1.018110141614535,False,,,,,,,
154,2023-11-07 14:30:00,ACWI,US,93.62000274658203,93.97000122070312,93.33999633789062,93.81999969482422,3239700.0,2024-04-25 09:24:46.597253,1.023230419857161,1.020911518081299,False,,,,,,,
155,2023-11-08 14:30:00,ACWI,US,93.86000061035156,94.05999755859375,93.37000274658203,93.80000305175781,2046600.0,2024-04-25 09:24:46.597253,1.0230123301796172,1.0237128945957616,False,,,,,,,
156,2023-11-09 14:30:00,ACWI,US,94.13999938964844,94.22000122070312,93.16999816894531,93.23999786376953,12563900.0,2024-04-25 09:24:46.597253,1.016904737496913,1.0265142711278499,False,,,,,,,
157,2023-11-10 14:30:00,ACWI,US,93.4800033569336,94.36000061035156,93.08999633789062,94.30999755859375,2003700.0,2024-04-25 09:24:46.597253,1.028574490647023,1.0293156476485477,False,,,,,,,
158,2023-11-13 14:30:00,ACWI,US,93.95999908447266,94.55000305175781,93.86000061035156,94.33000183105469,3011000.0,2024-04-25 09:24:46.597253,1.0287926635331426,1.0321170241248157,False,,,,,,,
159,2023-11-14 14:30:00,ACWI,US,95.76000213623047,96.62000274658203,95.56999969482422,96.38999938964844,3893200.0,2024-04-25 09:24:46.597253,1.0512596447060374,1.0349184005178997,False,,,,,,,
160,2023-11-15 14:30:00,ACWI,US,96.69999694824219,97.0199966430664,96.44999694824219,96.58999633789062,4183700.0,2024-04-25 09:24:46.597253,1.053440874315776,1.0377197767762634,False,,,,,,,
161,2023-11-16 14:30:00,ACWI,US,96.37000274658203,96.66999816894531,96.11000061035156,96.5199966430664,2122600.0,2024-04-25 09:24:46.597253,1.0526774356315098,1.0405211528347396,False,,,,,,,
162,2023-11-17 14:30:00,ACWI,US,96.80999755859375,97.04000091552734,96.61000061035156,96.94999694824219,4134900.0,2024-04-25 09:24:46.597253,1.057367154180166,1.0433225286050183,False,,,,,,,
163,2023-11-20 14:30:00,ACWI,US,96.88999938964844,97.81999969482422,96.88999938964844,97.62999725341797,3102200.0,2024-04-25 09:24:46.597253,1.064783451345283,1.0461239039530503,False,,,,,,,
164,2023-11-21 14:30:00,ACWI,US,97.52999877929688,97.52999877929688,97.20999908447266,97.37000274658203,3352300.0,2024-04-25 09:24:46.597253,1.061947869494338,1.0489252786600483,False,,,,,,,
165,2023-11-22 14:30:00,ACWI,US,97.61000061035156,97.83000183105469,97.31999969482422,97.63999938964844,3275500.0,2024-04-25 09:24:46.597253,1.0648925377883427,1.051726652370134,False,,,,,,,
166,2023-11-24 14:30:00,ACWI,US,97.72000122070312,97.9000015258789,97.6500015258789,97.87999725341797,774500.0,2024-04-25 09:24:46.597253,1.067510029961744,1.054528024394948,False,,,,,,,
167,2023-11-27 14:30:00,ACWI,US,97.70999908447266,97.77999877929688,97.52999877929688,97.62000274658203,8016600.0,2024-04-25 09:24:46.597253,1.0646744481107993,1.0573293931738268,False,,,,,,,
168,2023-11-28 14:30:00,ACWI,US,97.58999633789062,98.02999877929688,97.41999816894531,97.77999877929688,6387600.0,2024-04-25 09:24:46.597253,1.0664194151568749,1.0601307546592584,True,,,,,,,
169,2023-11-29 14:30:00,ACWI,US,98.1500015258789,98.33000183105469,97.69999694824219,97.7699966430664,4086800.0,2024-04-25 09:24:46.597253,1.0663103287138151,1.0629320881945825,True,169.0,1.0629320881945825,-13 days +00:00:00,0.06347616791031219,-0.0425268239297687,False,False
170,2023-11-30 14:30:00,ACWI,US,97.88999938964844,98.12000274658203,97.58000183105469,98.0199966430664,3946800.0,2024-04-25 09:24:46.597253,1.0690369073302761,1.0657331761379407,False,,,,,,,
171,2023-12-01 14:30:00,ACWI,US,97.83000183105469,98.8499984741211,97.77999877929688,98.75,5299500.0,2024-04-25 09:24:46.597253,1.0769985535021158,1.0680017441094878,False,,,,,,,
172,2023-12-04 14:30:00,ACWI,US,97.93000030517578,98.30999755859375,97.73999786376953,98.13999938964844,3605500.0,2024-04-25 09:24:46.597253,1.0703456950212649,1.070270284943506,False,,,,,,,
173,2023-12-05 14:30:00,ACWI,US,97.80000305175781,98.18000030517578,97.66000366210938,97.94999694824219,2374800.0,2024-04-25 09:24:46.597253,1.06827346864601,1.0725388186734701,False,,,,,,,
174,2023-12-06 14:30:00,ACWI,US,98.5999984741211,98.5999984741211,97.69999694824219,97.76000213623047,3211000.0,2024-04-25 09:24:46.597253,1.0662013254793312,1.0748073484811334,False,,,,,,,
175,2023-12-07 14:30:00,ACWI,US,98.13999938964844,98.51000213623047,97.91999816894531,98.38999938964844,2923200.0,2024-04-25 09:24:46.597253,1.0730722736377258,1.0770758751828842,False,,,,,,,
176,2023-12-08 14:30:00,ACWI,US,98.12999725341797,98.81999969482422,98.12999725341797,98.70999908447266,2459800.0,2024-04-25 09:24:46.597253,1.076562290938453,1.079344398630306,False,,,,,,,
177,2023-12-11 14:30:00,ACWI,US,98.52999877929688,99.12000274658203,98.47000122070312,99.05999755859375,4661300.0,2024-04-25 09:24:46.597253,1.0803794843597831,1.0816129181741791,False,,,,,,,
178,2023-12-12 14:30:00,ACWI,US,98.94999694824219,99.41000366210938,98.69000244140625,99.37999725341797,3356200.0,2024-04-25 09:24:46.597253,1.0838695016605102,1.083881432175126,True,178.0,1.083881432175126,-38 days +22:58:19,0.02094934398054349,0.010401729235378188,False,False
179,2023-12-13 14:30:00,ACWI,US,99.47000122070312,100.80000305175781,99.18000030517578,100.75,6968900.0,2024-04-25 09:24:46.597253,1.0988111824338043,1.0861499353741604,False,,,,,,,
180,2023-12-14 14:30:00,ACWI,US,101.33000183105469,101.69000244140625,100.88999938964844,101.4000015258789,3648600.0,2024-04-25 09:24:46.597253,1.1059003034783181,1.0873617428720765,False,,,,,,,
181,2023-12-15 14:30:00,ACWI,US,101.25,101.4000015258789,100.88999938964844,100.97000122070312,2759200.0,2024-04-25 09:24:46.597253,1.101210584929662,1.0885735220135695,False,,,,,,,
182,2023-12-18 14:30:00,ACWI,US,101.33999633789062,101.55999755859375,101.16000366210938,101.41999816894531,2490300.0,2024-04-25 09:24:46.597253,1.1061183931558616,1.0897852971625703,False,,,,,,,
183,2023-12-19 14:30:00,ACWI,US,101.73999786376953,102.16999816894531,101.66999816894531,102.1500015258789,8803800.0,2024-04-25 09:24:46.597253,1.1140800393277013,1.0909970705633028,False,,,,,,,
184,2023-12-20 14:30:00,ACWI,US,101.02999877929688,101.3499984741211,99.76000213623047,99.77999877929688,8277200.0,2024-04-25 09:24:46.597253,1.088232044088563,1.0922088429997097,False,,,,,,,
185,2023-12-21 14:30:00,ACWI,US,100.5999984741211,101.06999969482422,100.2699966430664,101.02999877929688,4268500.0,2024-04-25 09:24:46.597253,1.1018649371708684,1.0934206148748462,False,,,,,,,
186,2023-12-22 14:30:00,ACWI,US,101.1500015258789,101.47000122070312,100.80000305175781,101.18000030517578,3520000.0,2024-04-25 09:24:46.597253,1.1035009009824603,1.0946323863633702,False,,,,,,,
187,2023-12-26 14:30:00,ACWI,US,101.4000015258789,101.83999633789062,101.30000305175781,101.66999816894531,3021300.0,2024-04-25 09:24:46.597253,1.1088449717723228,1.0958441575757327,False,,,,,,,
188,2023-12-27 14:30:00,ACWI,US,101.72000122070312,102.02999877929688,101.5999984741211,101.95999908447266,3906000.0,2024-04-25 09:24:46.597253,1.1120078129524467,1.0970559285881427,False,,,,,,,
189,2023-12-28 14:30:00,ACWI,US,102.12999725341797,102.27999877929688,101.91000366210938,101.95999908447266,3909100.0,2024-04-25 09:24:46.597253,1.1120078129524467,1.0982676994587006,False,,,,,,,
190,2023-12-29 14:30:00,ACWI,US,101.97000122070312,102.1500015258789,101.4800033569336,101.7699966430664,3341500.0,2024-04-25 09:24:46.597253,1.1099355865771918,1.0994794702345552,False,,,,,,,
191,2024-01-02 14:30:00,ACWI,US,101.01000213623047,101.2300033569336,100.58999633789062,100.9000015258789,4067100.0,2024-04-25 09:24:46.597253,1.100447146245396,1.1006912409560035,False,,,,,,,
192,2024-01-03 14:30:00,ACWI,US,100.2699966430664,100.54000091552734,99.94000244140625,100.0999984741211,3666800.0,2024-04-25 09:24:46.597253,1.0917220613892904,1.1019030116596877,False,,,,,,,
193,2024-01-04 14:30:00,ACWI,US,99.9800033569336,100.62000274658203,99.91999816894531,99.98999786376953,2677000.0,2024-04-25 09:24:46.597253,1.0905223601413614,1.1031147823798555,False,,,,,,,
194,2024-01-05 14:30:00,ACWI,US,99.97000122070312,100.7300033569336,99.86000061035156,100.08000183105469,3524100.0,2024-04-25 09:24:46.597253,1.0915039717117467,1.1043265531493565,False,,,,,,,
195,2024-01-08 14:30:00,ACWI,US,100.11000061035156,101.29000091552734,100.08000183105469,101.27999877929688,7516600.0,2024-04-25 09:24:46.597253,1.1045915157873296,1.1055383240014884,False,,,,,,,
196,2024-01-09 14:30:00,ACWI,US,100.4800033569336,101.02999877929688,100.41000366210938,100.81999969482422,4043600.0,2024-04-25 09:24:46.597253,1.0995746211180704,1.1067500949720503,False,,,,,,,
197,2024-01-10 14:30:00,ACWI,US,100.91999816894531,101.44000244140625,100.83000183105469,101.29000091552734,7878600.0,2024-04-25 09:24:46.597253,1.1047006022303891,1.107961866107097,False,,,,,,,
198,2024-01-11 14:30:00,ACWI,US,101.47000122070312,101.62999725341797,100.41000366210938,101.23999786376953,5916000.0,2024-04-25 09:24:46.597253,1.1041552532236667,1.1091736374662642,False,,,,,,,
199,2024-01-12 14:30:00,ACWI,US,101.72000122070312,101.97000122070312,101.2699966430664,101.44999694824219,3336100.0,2024-04-25 09:24:46.597253,1.1064455692764648,1.1103854091363512,False,,,,,,,
200,2024-01-16 14:30:00,ACWI,US,100.79000091552734,100.9800033569336,100.2300033569336,100.55999755859375,5238500.0,2024-04-25 09:24:46.597253,1.0967389560585494,1.1115971812568897,False,,,,,,,
201,2024-01-17 14:30:00,ACWI,US,99.58999633789062,99.83000183105469,99.26000213623047,99.79000091552734,13827200.0,2024-04-25 09:24:46.597253,1.0883411305316228,1.11280895410152,False,,,,,,,
202,2024-01-18 14:30:00,ACWI,US,100.1500015258789,100.72000122070312,99.88999938964844,100.66000366210938,5332200.0,2024-04-25 09:24:46.597253,1.0978296540719947,1.1140207282901247,False,,,,,,,
203,2024-01-18 15:31:41,ACWI,US,100.1500015258789,100.29000091552734,100.05000305175781,100.2699966430664,868912.0,2024-01-18 16:31:54.904216,1.0935761148784255,1.1152325053910477,True,203.0,1.1152325053910477,-64 days +02:01:41,0.031351073215921677,0.044418123148054045,False,False
204,2024-01-19 14:30:00,ACWI,US,100.80999755859375,101.69000244140625,100.55999755859375,101.66999816894531,3887700.0,2024-04-25 09:24:46.597253,1.1088449717723228,1.1164442952002631,False,,,,,,,
205,2024-01-22 14:30:00,ACWI,US,101.87000274658203,102.1500015258789,101.68000030517578,101.83000183105469,17480900.0,2024-04-25 09:24:46.597253,1.1105900220269742,1.1180650522694695,False,,,,,,,
206,2024-01-23 14:30:00,ACWI,US,101.81999969482422,102.06999969482422,101.58999633789062,102.04000091552734,12402400.0,2024-04-25 09:24:46.597253,1.1128803380797723,1.119685848473049,False,,,,,,,
207,2024-01-24 14:30:00,ACWI,US,102.94999694824219,103.06999969482422,102.31999969482422,102.37999725341797,5796800.0,2024-04-25 09:24:46.597253,1.116588445058043,1.1213066534100995,False,,,,,,,
208,2024-01-25 14:30:00,ACWI,US,102.76000213623047,102.80000305175781,102.30000305175781,102.79000091552734,4227600.0,2024-04-25 09:24:46.597253,1.1210600739291556,1.1229274620558383,False,,,,,,,
209,2024-01-26 14:30:00,ACWI,US,102.9000015258789,103.12999725341797,102.69999694824219,102.87999725341797,4609900.0,2024-04-25 09:24:46.597253,1.1220416022909652,1.124548272848432,False,,,,,,,
210,2024-01-29 14:30:00,ACWI,US,102.9000015258789,103.61000061035156,102.7699966430664,103.55999755859375,5161200.0,2024-04-25 09:24:46.597253,1.1294578994560822,1.1261690851167392,False,,,,,,,
211,2024-01-30 14:30:00,ACWI,US,103.30000305175781,103.5,103.16000366210938,103.38999938964844,2354400.0,2024-04-25 09:24:46.597253,1.1276038459669468,1.1277898984816535,False,,,,,,,
212,2024-01-31 14:30:00,ACWI,US,103.0999984741211,103.30999755859375,102.02999877929688,102.05000305175781,7041000.0,2024-04-25 09:24:46.597253,1.112989424522832,1.129410712745741,False,,,,,,,
213,2024-02-01 14:30:00,ACWI,US,102.38999938964844,103.31999969482422,102.23999786376953,103.31999969482422,11843600.0,2024-04-25 09:24:46.597253,1.1268404072826808,1.131031527770805,False,,,,,,,
214,2024-02-02 14:30:00,ACWI,US,103.12000274658203,103.98999786376953,102.97000122070312,103.73999786376953,5939800.0,2024-04-25 09:24:46.597253,1.131421039388277,1.1326523433891644,False,,,,,,,
215,2024-02-05 14:30:00,ACWI,US,103.47000122070312,103.62000274658203,102.81999969482422,103.33999633789062,3258400.0,2024-04-25 09:24:46.597253,1.1270584969602242,1.1342731594795545,False,,,,,,,
216,2024-02-06 14:30:00,ACWI,US,103.62999725341797,103.94000244140625,103.48999786376953,103.94000244140625,5034200.0,2024-04-25 09:24:46.597253,1.1336023522065917,1.1358939759559845,False,,,,,,,
217,2024-02-07 14:30:00,ACWI,US,104.12000274658203,104.55999755859375,104.05999755859375,104.47000122070312,2348400.0,2024-04-25 09:24:46.597253,1.1393826855601168,1.1375147927460107,False,,,,,,,
218,2024-02-08 14:30:00,ACWI,US,104.43000030517578,104.51000213623047,104.20999908447266,104.44999694824219,4335400.0,2024-04-25 09:24:46.597253,1.1391645126739975,1.139135609793421,False,,,,,,,
219,2024-02-09 14:30:00,ACWI,US,104.58000183105469,105.06999969482422,104.5,105.01000213623047,3663800.0,2024-04-25 09:24:46.597253,1.1452721053567019,1.1407564270563257,False,,,,,,,
220,2024-02-09 14:43:11,ACWI,US,104.43000030517578,104.62000274658203,104.51000213623047,104.5999984741211,106209.0,2024-02-09 15:43:23.682137,1.1408004764855892,1.1423772445012434,False,,,,,,,
221,2024-02-12 14:30:00,ACWI,US,104.94999694824219,105.55999755859375,104.94999694824219,105.13999938964844,3071700.0,2024-04-25 09:24:46.597253,1.1466898962821743,1.1439980621030925,False,,,,,,,
222,2024-02-13 14:30:00,ACWI,US,103.69000244140625,103.93000030517578,102.9000015258789,103.47000122070312,3387200.0,2024-04-25 09:24:46.597253,1.1284763710942727,1.1456188798401488,False,,,,,,,
223,2024-02-14 14:30:00,ACWI,US,104.16000366210938,104.68000030517578,103.83999633789062,104.61000061035156,2691600.0,2024-04-25 09:24:46.597253,1.140909562928649,1.147239697694451,False,,,,,,,
224,2024-02-15 14:30:00,ACWI,US,104.83999633789062,105.47000122070312,104.80999755859375,105.44999694824219,3224900.0,2024-04-25 09:24:46.597253,1.1500708271398417,1.148860515643424,False,,,,,,,
225,2024-02-16 14:30:00,ACWI,US,105.47000122070312,105.76000213623047,104.95999908447266,105.19000244140625,2704600.0,2024-04-25 09:24:46.597253,1.1472352452888968,1.1504813336650381,False,,,,,,,
226,2024-02-20 14:30:00,ACWI,US,105.16000366210938,105.25,104.4800033569336,104.88999938964844,3328500.0,2024-04-25 09:24:46.597253,1.1439633176657131,1.1521021517402985,False,,,,,,,
227,2024-02-21 14:30:00,ACWI,US,104.6500015258789,104.94000244140625,104.29000091552734,104.91999816894531,4078000.0,2024-04-25 09:24:46.597253,1.1442904937863163,1.1537229698510376,False,,,,,,,
228,2024-02-22 14:30:00,ACWI,US,106.08000183105469,106.87999725341797,106.02999877929688,106.7300033569336,4529700.0,2024-04-25 09:24:46.597253,1.164030979551326,1.1553437879776323,False,,,,,,,
229,2024-02-23 14:30:00,ACWI,US,106.94999694824219,107.11000061035156,106.58999633789062,106.7699966430664,1867900.0,2024-04-25 09:24:46.597253,1.164467158906413,1.156964606098359,False,,,,,,,
230,2024-02-26 14:30:00,ACWI,US,106.76000213623047,106.86000061035156,106.4000015258789,106.4800033569336,2002300.0,2024-04-25 09:24:46.597253,1.161304400934865,1.1585854241936093,False,,,,,,,
231,2024-02-27 14:30:00,ACWI,US,106.52999877929688,106.72000122070312,106.3499984741211,106.69000244140625,5568300.0,2024-04-25 09:24:46.597253,1.163594716987663,1.1602062422452206,False,,,,,,,
232,2024-02-28 14:30:00,ACWI,US,106.20999908447266,106.38999938964844,106.08999633789062,106.23999786376953,4609100.0,2024-04-25 09:24:46.597253,1.1586868255528877,1.1618270602344858,False,,,,,,,
233,2024-02-29 14:30:00,ACWI,US,106.7300033569336,106.8499984741211,106.0999984741211,106.6500015258789,4878200.0,2024-04-25 09:24:46.597253,1.1631584544240003,1.1634478781415116,False,,,,,,,
234,2024-03-01 14:30:00,ACWI,US,106.91999816894531,107.75,106.73999786376953,107.68000030517578,3603700.0,2024-04-25 09:24:46.597253,1.1743919450104476,1.1650686959421206,False,,,,,,,
235,2024-03-04 14:30:00,ACWI,US,107.52999877929688,107.83000183105469,107.44000244140625,107.5199966430664,3548200.0,2024-04-25 09:24:46.597253,1.1726468947557962,1.1666895136074868,False,,,,,,,
236,2024-03-05 14:30:00,ACWI,US,107.19999694824219,107.37000274658203,106.23999786376953,106.6500015258789,3913600.0,2024-04-25 09:24:46.597253,1.1631584544240003,1.1683103311076046,False,,,,,,,
237,2024-03-06 14:30:00,ACWI,US,107.63999938964844,107.91000366210938,107.2300033569336,107.4800033569336,2515400.0,2024-04-25 09:24:46.597253,1.172210715400709,1.169931148409122,False,,,,,,,
238,2024-03-07 14:30:00,ACWI,US,108.13999938964844,108.75,107.98999786376953,108.5999984741211,2188000.0,2024-04-25 09:24:46.597253,1.1844257343489661,1.17155196546497,False,,,,,,,
239,2024-03-08 14:30:00,ACWI,US,108.81999969482422,109.22000122070312,107.9000015258789,108.06999969482422,3063100.0,2024-04-25 09:24:46.597253,1.1786454009954408,1.1731727822144467,False,,,,,,,
240,2024-03-11 13:30:00,ACWI,US,107.69999694824219,107.95999908447266,107.3499984741211,107.8499984741211,1490700.0,2024-04-25 09:24:46.597253,1.176245998499583,1.1747935985934725,False,,,,,,,
241,2024-03-12 13:30:00,ACWI,US,108.30999755859375,109.0,107.7699966430664,108.94000244140625,2195700.0,2024-04-25 09:24:46.597253,1.1881339245358127,1.1764144145253141,False,,,,,,,
242,2024-03-13 13:30:00,ACWI,US,108.87999725341797,109.05999755859375,108.55999755859375,108.80000305175781,2082800.0,2024-04-25 09:24:46.597253,1.1866070471672805,1.1780352299054078,False,,,,,,,
243,2024-03-14 13:30:00,ACWI,US,108.94999694824219,108.94999694824219,107.80000305175781,108.37000274658203,3938900.0,2024-04-25 09:24:46.597253,1.1819173286186244,1.1796560446284903,False,,,,,,,
244,2024-03-14 15:18:32,ACWI,US,108.94999694824219,108.94999694824219,108.23999786376953,108.37000274658203,927951.0,2024-03-14 16:18:40.914774,1.1819173286186244,1.1812768585954838,False,,,,,,,
245,2024-03-15 13:30:00,ACWI,US,107.97000122070312,108.19999694824219,107.55000305175781,107.81999969482422,2241000.0,2024-04-25 09:24:46.597253,1.1759188223789798,1.1828976716923396,False,,,,,,,
246,2024-03-18 13:30:00,ACWI,US,108.54000091552734,108.66000366210938,108.19000244140625,108.26000213623047,1913200.0,2024-04-25 09:24:46.597253,1.1807176273706954,1.1845184837747729,False,,,,,,,
247,2024-03-19 13:30:00,ACWI,US,108.06999969482422,108.7300033569336,107.83999633789062,108.63999938964844,3858000.0,2024-04-25 09:24:46.597253,1.184861996912629,1.1861392945456346,False,,,,,,,
248,2024-03-20 13:30:00,ACWI,US,108.68000030517578,109.77999877929688,108.56999969482422,109.73999786376953,2954100.0,2024-04-25 09:24:46.597253,1.1968589261833424,1.1877601033589584,False,,,,,,,
249,2024-03-21 13:30:00,ACWI,US,110.26000213623047,110.37000274658203,109.94000244140625,109.9800033569336,4229400.0,2024-04-25 09:24:46.597253,1.1994765015653197,1.1893809082505427,False,,,,,,,
250,2024-03-22 13:30:00,ACWI,US,109.9000015258789,109.97000122070312,109.63999938964844,109.72000122070312,1712000.0,2024-04-25 09:24:46.597253,1.196640836505799,1.1910017017550234,True,250.0,1.1910017017550234,-3 days +00:00:00,0.07576919636397572,-0.07478860755399763,False,False
251,2024-03-25 13:30:00,ACWI,US,109.44999694824219,109.7300033569336,109.43000030517578,109.5,871600.0,2024-04-25 09:24:46.597253,1.194241434009941,1.1926224251666944,True,,,,,,,
252,2024-03-26 13:30:00,ACWI,US,109.80999755859375,109.88999938964844,109.33000183105469,109.3499984741211,1940300.0,2024-04-25 09:24:46.597253,1.1926054701983493,1.1919822905650015,True,252.0,1.1919822905650015,,0.000980588809978089,-0.03147744315278245,False,True
253,2024-03-27 13:30:00,ACWI,US,109.86000061035156,110.1500015258789,109.5,110.1500015258789,1268500.0,2024-04-25 09:24:46.597253,1.201330555054455,1.1904579027885835,False,,,,,,,
254,2024-03-28 13:30:00,ACWI,US,110.0999984741211,110.3499984741211,110.05999755859375,110.12999725341797,986300.0,2024-04-25 09:24:46.597253,1.2011123821683356,1.188933051516732,False,,,,,,,
255,2024-04-01 13:30:00,ACWI,US,110.23999786376953,110.37999725341797,109.62999725341797,109.87000274658203,1857200.0,2024-04-25 09:24:46.597253,1.1982768003173907,1.1874081906459002,False,,,,,,,
256,2024-04-02 13:30:00,ACWI,US,109.05000305175781,109.26000213623047,108.87000274658203,109.22000122070312,1836400.0,2024-04-25 09:24:46.597253,1.1911876792728768,1.1858833266926347,False,,,,,,,
257,2024-04-03 13:30:00,ACWI,US,109.04000091552734,109.76000213623047,109.0199966430664,109.4800033569336,2473600.0,2024-04-25 09:24:46.597253,1.1940233443323975,1.1843584611963822,False,,,,,,,
258,2024-04-04 13:30:00,ACWI,US,110.44999694824219,110.44999694824219,108.30999755859375,108.37999725341797,2584200.0,2024-04-25 09:24:46.597253,1.1820263318531081,1.1828335947304671,False,,,,,,,
259,2024-04-05 13:30:00,ACWI,US,108.55000305175781,109.56999969482422,108.4000015258789,109.2300033569336,4344700.0,2024-04-25 09:24:46.597253,1.1912967657159366,1.1813087276091412,False,,,,,,,
260,2024-04-08 13:30:00,ACWI,US,109.54000091552734,109.69000244140625,109.31999969482422,109.45999908447266,1934900.0,2024-04-25 09:24:46.597253,1.1938051714462783,1.1797838599972545,False,,,,,,,
261,2024-04-09 13:30:00,ACWI,US,109.93000030517578,109.97000122070312,108.7699966430664,109.62000274658203,1983600.0,2024-04-25 09:24:46.597253,1.1955502217009297,1.1782589920151763,False,,,,,,,
262,2024-04-10 13:30:00,ACWI,US,108.27999877929688,108.80000305175781,107.94000244140625,108.37000274658203,7321600.0,2024-04-25 09:24:46.597253,1.1819173286186244,1.1767341237569002,False,,,,,,,
263,2024-04-11 13:30:00,ACWI,US,108.69999694824219,109.23999786376953,107.9000015258789,109.01000213623047,1702100.0,2024-04-25 09:24:46.597253,1.1888973632200788,1.175209255297506,False,,,,,,,
264,2024-04-12 13:30:00,ACWI,US,108.08999633789062,108.41000366210938,107.02999877929688,107.33000183105469,3319500.0,2024-04-25 09:24:46.597253,1.1705747515891174,1.1736843866913862,False,,,,,,,
265,2024-04-15 13:30:00,ACWI,US,108.26000213623047,108.29000091552734,106.08000183105469,106.29000091552734,5107700.0,2024-04-25 09:24:46.597253,1.1592321745596104,1.1721595179841733,False,,,,,,,
266,2024-04-16 13:30:00,ACWI,US,105.91000366210938,106.29000091552734,105.43000030517578,105.7300033569336,2512400.0,2024-04-25 09:24:46.597253,1.1531246650854818,1.1706346492109574,False,,,,,,,
267,2024-04-17 13:30:00,ACWI,US,106.27999877929688,106.30999755859375,104.98999786376953,105.33999633789062,2289800.0,2024-04-25 09:24:46.597253,1.1488711258919126,1.1691097803980999,False,,,,,,,
268,2024-04-18 13:30:00,ACWI,US,105.5199966430664,106.04000091552734,104.98999786376953,105.19000244140625,1116500.0,2024-04-25 09:24:46.597253,1.1472352452888968,1.167584911565218,False,,,,,,,
269,2024-04-19 13:30:00,ACWI,US,105.08000183105469,105.38999938964844,104.29000091552734,104.54000091552734,3511500.0,2024-04-25 09:24:46.597253,1.1401461242443829,1.1660600427261258,False,,,,,,,
270,2024-04-22 13:30:00,ACWI,US,105.05000305175781,106.05999755859375,104.77999877929688,105.5999984741211,2442700.0,2024-04-25 09:24:46.597253,1.1517067909514334,1.164535173889012,False,,,,,,,
271,2024-04-23 13:30:00,ACWI,US,105.94000244140625,106.9000015258789,105.9000015258789,106.77999877929688,2936800.0,2024-04-25 09:24:46.597253,1.1645762453494726,1.163010305055047,False,,,,,,,
272,2024-04-24 13:30:00,ACWI,US,107.05000305175781,107.12999725341797,106.2699966430664,106.72000122070312,2186900.0,2024-04-25 09:24:46.597253,1.1639218931082662,1.1614854362221971,False,,1.1614854362221971,,-0.030496854342804358,,False,False
